Store ID,Product ID,Avg_Inventory,Avg_Predicted_Demand,Avg_Safety_Stock,Avg_Reorder_Point,Total_Reorder,High_Risk_Days,Overstock_Days
S001,P0001,263.1489361702128,137.13083262411348,478.0,1438.4326241134752,165715,31,28
S001,P0002,275.64539007092196,136.0455260141844,433.0,1385.836879432624,156537,25,31
S001,P0003,279.78014184397165,137.34111799290778,490.0,1451.9078014184397,165270,27,28
S001,P0004,274.2411347517731,141.2985259432624,498.0,1487.5531914893618,171077,30,28
S001,P0005,263.7163120567376,136.53630874468087,473.0,1429.2624113475176,164342,29,26
S001,P0006,291.1985815602837,135.9048644822695,477.0,1428.8510638297873,160409,20,33
S001,P0007,270.17021276595744,137.0614065106383,418.0,1377.9432624113474,156196,32,29
S001,P0008,280.3333333333333,134.75253249645388,474.0,1417.7801418439717,160380,26,35
S001,P0009,293.41843971631204,138.36095253191488,469.0,1438.049645390071,161393,22,32
S001,P0010,291.6170212765957,137.2728824397163,501.0,1462.4184397163122,165083,22,37
S001,P0011,268.3829787234043,135.88399012765956,540.0,1491.6808510638298,172485,28,28
S001,P0012,261.90070921985813,134.96087210638296,439.0,1384.2482269503546,158251,25,24
S001,P0013,253.9787234042553,135.29271637588653,446.0,1393.5531914893618,160680,28,21
S001,P0014,283.4255319148936,137.13106582269504,501.0,1461.4184397163122,166097,19,26
S001,P0015,281.73758865248226,137.1803874468085,494.0,1454.758865248227,165396,29,34
S001,P0016,287.09929078014187,137.44147014893616,510.0,1472.6170212765958,167158,24,30
S001,P0017,286.59574468085106,135.52501034751774,485.0,1434.177304964539,161809,29,40
S001,P0018,284.1985815602837,139.95912780851066,471.0,1451.1843971631206,164545,23,31
S001,P0019,282.06382978723406,135.44044514184398,466.0,1414.6170212765958,159690,20,36
S001,P0020,237.22695035460993,133.71733553900708,459.0,1395.5531914893618,163324,43,23
S002,P0001,270.7304964539007,138.15407797872342,482.0,1449.5744680851064,166217,25,25
S002,P0002,247.1631205673759,135.816645070922,409.0,1360.212765957447,156940,37,27
S002,P0003,273.36879432624113,136.04081363829786,492.0,1444.7375886524824,165163,28,26
S002,P0004,248.84397163120568,134.01264865957447,417.0,1355.5886524822695,156051,33,28
S002,P0005,262.54609929078015,135.6714575248227,435.0,1385.2340425531916,158299,27,22
S002,P0006,256.58156028368796,134.33706170921985,420.0,1360.8014184397164,155695,33,27
S002,P0007,277.39716312056737,136.342539,510.0,1464.8936170212767,167437,29,33
S002,P0008,270.63120567375887,139.08280385106383,480.0,1454.0283687943263,166859,29,25
S002,P0009,268.17021276595744,138.00306365957448,524.0,1490.531914893617,172353,23,26
S002,P0010,257.20567375886526,136.66449827659574,511.0,1468.1418439716313,170742,37,26
S002,P0011,266.468085106383,136.29224710638297,490.0,1444.5177304964539,166105,31,23
S002,P0012,289.0070921985816,136.5052075673759,523.0,1478.9929078014184,167788,25,40
S002,P0013,264.6737588652482,136.042848070922,469.0,1421.758865248227,163149,33,26
S002,P0014,265.8085106382979,134.56864269503546,441.0,1383.4539007092199,157588,32,23
S002,P0015,266.70212765957444,136.0042153758865,462.0,1414.531914893617,161844,32,27
S002,P0016,282.73758865248226,137.6317804680851,492.0,1455.9432624113474,165422,24,29
S002,P0017,260.2482269503546,136.96054361702127,464.0,1423.2553191489362,163984,26,23
S002,P0018,267.8723404255319,137.27473615602835,499.0,1460.3971631205675,168146,24,28
S002,P0019,278.2340425531915,135.19742741134752,463.0,1409.9078014184397,159566,21,33
S002,P0020,266.4255319148936,135.33444429787232,492.0,1439.8581560283687,165454,33,29
S003,P0001,269.7163120567376,136.29643819148936,430.0,1384.5673758865248,157194,25,25
S003,P0002,285.5673758865248,139.13148173758867,491.0,1465.4184397163122,166359,26,34
S003,P0003,265.01418439716315,135.6894160638298,462.0,1412.3120567375886,161769,29,30
S003,P0004,253.3049645390071,135.33864218439717,460.0,1407.9148936170213,162800,35,24
S003,P0005,269.20567375886526,135.39802269503548,457.0,1405.276595744681,160186,28,25
S003,P0006,263.5248226950355,137.78421283687945,477.0,1442.0212765957447,166168,29,27
S003,P0007,286.4113475177305,138.1727445106383,449.0,1416.6950354609928,159370,24,28
S003,P0008,278.709219858156,136.25547730496453,450.0,1404.290780141844,158707,23,27
S003,P0009,282.9148936170213,137.13112712056738,501.0,1461.4113475177305,166168,22,34
S003,P0010,268.98581560283685,137.2219600921986,519.0,1480.0283687943263,170757,31,28
S003,P0011,268.87943262411346,137.3281379716312,480.0,1441.8156028368794,165384,29,24
S003,P0012,283.01418439716315,136.14690232624113,464.0,1417.5177304964539,159965,27,34
S003,P0013,268.02836879432624,136.3796460638298,460.0,1415.1418439716313,161743,25,26
S003,P0014,285.97163120567376,136.04607611347518,494.0,1446.7943262411347,163676,23,33
S003,P0015,269.90070921985813,138.52790378014183,498.0,1468.1914893617022,168959,28,28
S003,P0016,265.58156028368796,138.60267623404255,451.0,1421.7446808510638,163019,29,20
S003,P0017,288.6666666666667,137.41193929787232,465.0,1427.4255319148936,160565,25,28
S003,P0018,271.3900709219858,138.3679434113475,489.0,1458.0921985815603,167325,27,31
S003,P0019,277.5177304964539,136.40040358156028,516.0,1471.3049645390072,168324,24,30
S003,P0020,274.31205673758865,137.64523518439717,436.0,1400.049645390071,158729,25,26
S004,P0001,268.51063829787233,138.3266164680851,513.0,1481.7659574468084,171069,33,31
S004,P0002,266.2695035460993,135.31684889361702,409.0,1356.709219858156,153752,24,21
S004,P0003,281.01418439716315,134.68527824113474,476.0,1419.2695035460993,160494,29,27
S004,P0004,271.02836879432624,137.03152686524822,476.0,1435.6879432624114,164217,28,23
S004,P0005,273.4326241134752,135.26759765248227,401.0,1348.3687943262412,151566,23,25
S004,P0006,277.5886524822695,138.16932136879433,512.0,1479.7021276595744,169498,34,33
S004,P0007,268.1063829787234,136.00519395035462,451.0,1403.5390070921985,160096,28,28
S004,P0008,289.7304964539007,135.38487141134752,444.0,1392.212765957447,155450,20,35
S004,P0009,283.7588652482269,136.41721753900708,487.0,1442.4539007092199,163376,27,34
S004,P0010,268.70212765957444,134.41698385106383,421.0,1362.4184397163122,154214,24,26
S004,P0011,276.25531914893617,139.23188916312057,495.0,1470.1347517730496,168337,23,24
S004,P0012,262.6241134751773,138.45855053191488,414.0,1383.7021276595744,158072,27,19
S004,P0013,262.97163120567376,136.03440376595745,436.0,1388.77304964539,158738,30,22
S004,P0014,282.822695035461,136.59391424113474,470.0,1426.6879432624114,161285,25,28
S004,P0015,283.56028368794324,137.00718049645388,434.0,1393.5460992907801,156508,26,27
S004,P0016,284.36170212765956,137.0407603829787,449.0,1408.787234042553,158544,23,28
S004,P0017,270.0851063829787,138.0323039787234,502.0,1468.7163120567375,169007,27,23
S004,P0018,265.9574468085106,138.92928624113475,480.0,1453.0354609929077,167378,33,24
S004,P0019,278.84397163120565,135.9788440283688,478.0,1430.3475177304965,162362,32,33
S004,P0020,285.54609929078015,138.38370373049645,487.0,1456.2198581560283,165065,19,24
S005,P0001,276.9078014184397,136.02336377304962,498.0,1450.6879432624114,165503,32,33
S005,P0002,255.5744680851064,135.63091821985816,458.0,1407.900709219858,162478,37,26
S005,P0003,280.74468085106383,137.755845035461,512.0,1476.7304964539007,168634,27,26
S005,P0004,263.39716312056737,138.3665169432624,519.0,1488.0780141843973,172680,35,25
S005,P0005,264.35460992907804,135.9218644680851,456.0,1408.0070921985816,161255,29,26
S005,P0006,289.25531914893617,137.76214716312055,491.0,1455.8439716312057,164489,24,39
S005,P0007,273.9503546099291,135.44722273758865,468.0,1416.6028368794325,161114,26,26
S005,P0008,271.4751773049645,138.74338429787235,493.0,1464.6879432624114,168243,29,27
S005,P0009,258.54609929078015,136.13912012056736,448.0,1401.4539007092199,161150,31,25
S005,P0010,288.5886524822695,136.45511785815603,469.0,1424.6737588652481,160188,26,32
S005,P0011,272.56028368794324,136.93291585106383,442.0,1401.0283687943263,159114,21,22
S005,P0012,281.51063829787233,137.13208904964537,485.0,1445.4326241134752,164113,30,25
S005,P0013,294.27659574468083,137.76870798581558,455.0,1419.886524822695,158711,21,31
S005,P0014,277.92907801418437,136.55981078014185,508.0,1464.4255319148936,167296,26,25
S005,P0015,291.7517730496454,135.53292976595745,492.0,1441.2553191489362,162080,22,32
S005,P0016,274.11347517730496,137.47332568085108,484.0,1446.8156028368794,165351,33,36
S005,P0017,286.0,137.2441229503546,430.0,1391.1985815602836,155833,20,34
S005,P0018,293.5177304964539,135.67547114184396,464.0,1414.2624113475176,158025,22,39
S005,P0019,301.48936170212767,136.5049270212766,500.0,1456.0780141843973,162797,19,38
S005,P0020,294.39716312056737,138.7034546312057,527.0,1498.4397163120568,169770,25,36
